hour,avg_low
22,81444.31766666665
23,81453.864
0,81550.85383333333
21,81719.23666666666
15,81767.60633333333
14,81798.90291666666
18,81823.53375
17,81835.92091666667
16,81836.00266666667
13,81846.90775
19,81857.34233333333
20,81883.72425
12,81943.88083333333
10,81970.21175
7,82024.87000000001
11,82028.33125
9,82070.49900000001
1,82105.74941666666
8,82123.11108333334
6,82154.38775
3,82173.88375000001
2,82222.48683333333
5,82223.44141666667
4,82240.48766666667
